transformacion,estadistico,p_valor,n_obs,lag_usado
Niveles,-16.389495454548495,2.702764178701589e-29,15830,48
Log1p,-16.712546470336562,1.4305661617713582e-29,15830,48
Diff(1),-24.224601878805135,0.0,15829,48
Diff estacional (24),-19.550051270891863,0.0,15806,48
