parametro,coef,p_valor,significativo_5pct
temp,63.481354611673055,1.2758327554713707e-38,True
rain_1h,-0.2603848386465309,2.284936579474171e-120,True
snow_1h,2865.286995640907,0.00027229706770626704,True
is_holiday,27.01750194897356,0.8875436674691985,False
