modelo,MAE,RMSE,MAPE,rank_RMSE
Prophet,642.3246447202325,884.4250957089574,42.53063427379806,1
"Holt-Winters amortiguado (A,Ad,A)",1512.6594063878026,1803.728414186485,169.9729507720924,2
"ETS(A,Ad,A)",1612.5736477082912,1848.225204998554,157.55042116217732,3
SARIMAX,1410.9376552949425,1854.761899348738,80.23738378126247,4
"SARIMA(2, 1, 2)x(1, 1, 1, 24)",1489.3114097170403,1898.47028662615,102.13196950174314,5
