modelo,MAE,RMSE,MAPE
"Holt-Winters amortiguado (A,Ad,A)",1512.6594063878026,1803.728414186485,169.9729507720924
"ETS(A,Ad,A)",1612.5736477082912,1848.225204998554,157.55042116217732
"Holt-Winters (A,A,A)",8592.768163604307,9896.235696351892,731.7675788123161
"ETS(M,Ad,M) y+1",25081.73582750304,29093.577727311556,1992.9113978307696
"SARIMA(2, 1, 2)x(1, 1, 1, 24)",1489.3114097170405,1898.47028662615,102.13196950174314
SARIMAX,1410.9376552949425,1854.761899348738,80.23738378126247
